{"_astro/hero.5450c094_Z1ci1sO.avif":{"expires":1716413561116},"_astro/poster.00fbae21_25MFEA.avif":{"expires":1716413561116},"_astro/default.5cdc518a_2i6Dbc.png":{"expires":1716413561112},"_astro/IMG_4386_LR.586b6e95_1n2y4L.avif":{"expires":1716413561115},"_astro/IMG_3983.1debca0e_25Ef6d.avif":{"expires":1716413561173},"_astro/IMG_8623.63506f99_Zd4HrQ.avif":{"expires":1716413561355},"_astro/edf-map.53cb9ba7_Z298Nxx.avif":{"expires":1716413561356},"_astro/hero.5450c094_Z2vDglm.avif":{"expires":1716413561116},"_astro/IMG_8623.63506f99_Z1wpWko.avif":{"expires":1716413561355},"_astro/poster.00fbae21_Zk4IQJ.avif":{"expires":1716413561116},"_astro/IMG_4386_LR.586b6e95_1LciwF.avif":{"expires":1716413561115},"_astro/IMG_3983.1debca0e_2tNYy7.avif":{"expires":1716413561173},"_astro/poster.00fbae21_Z2ci77A.webp":{"expires":1716413561116},"_astro/IMG_4386_LR.586b6e95_2a8T6w.webp":{"expires":1716413561115},"_astro/IMG_3983.1debca0e_Z2cqxFX.webp":{"expires":1716413561173},"_astro/poster.00fbae21_s1Ba1.webp":{"expires":1716413561116},"_astro/IMG_4386_LR.586b6e95_Z2vSufv.webp":{"expires":1716413561115},"_astro/IMG_3983.1debca0e_Z1NgNe4.webp":{"expires":1716413561173},"_astro/poster.00fbae21_Z20AxD3.png":{"expires":1716413561116},"_astro/IMG_4386_LR.586b6e95_kH2le.jpg":{"expires":1716413561115},"_astro/IMG_3983.1debca0e_25xXbU.png":{"expires":1716413561173},"_astro/poster.00fbae21_11JTxN.png":{"expires":1716413561116},"_astro/IMG_4386_LR.586b6e95_1Ox6mQ.jpg":{"expires":1716413561115},"_astro/edf-map.53cb9ba7_vaTJ4.avif":{"expires":1716413561356},"_astro/IMG_3983.1debca0e_Z1uN6Ao.png":{"expires":1716413561173},"_astro/edf-map.53cb9ba7_Z1m2svM.webp":{"expires":1716413561356},"_astro/hero.5450c094_Z1385zI.avif":{"expires":1716413561116},"_astro/edf-map.53cb9ba7_1ihfKO.webp":{"expires":1716413561356},"_astro/IMG_8623.63506f99_ZWyi0l.avif":{"expires":1716413561355},"_astro/edf-map.53cb9ba7_ZuSa7C.png":{"expires":1716413561356},"_astro/edf-map.53cb9ba7_2wsi4e.png":{"expires":1716413561356},"_astro/hero.5450c094_Z13Hg7L.avif":{"expires":1716413561116},"_astro/hero.5450c094_ZpbFr4.webp":{"expires":1716413561116},"_astro/hero.5450c094_Z1IwUjB.webp":{"expires":1716413561116},"_astro/hero.5450c094_Zg1JxX.webp":{"expires":1716413561116},"_astro/IMG_8623.63506f99_1KXpPU.avif":{"expires":1716413561355},"_astro/hero.5450c094_ZgAU61.webp":{"expires":1716413561116},"_astro/IMG_8623.63506f99_z1CyT.webp":{"expires":1716413561355},"_astro/hero.5450c094_Z1M4sy8.png":{"expires":1716413561116},"_astro/hero.5450c094_1BsDT2.png":{"expires":1716413561116},"_astro/IMG_8623.63506f99_ZJjBiD.webp":{"expires":1716413561355},"_astro/hero.5450c094_Z26MdvF.png":{"expires":1716413561116},"_astro/IMG_8623.63506f99_ZarVXA.webp":{"expires":1716413561355},"_astro/hero.5450c094_1YlqGW.png":{"expires":1716413561116},"_astro/IMG_8623.63506f99_Z2w7mVg.webp":{"expires":1716413561355},"_astro/IMG_8623.63506f99_ZcreLC.jpg":{"expires":1716413561355},"_astro/IMG_8623.63506f99_Z1S6g8o.jpg":{"expires":1716413561355},"_astro/IMG_8623.63506f99_1J9WjO.jpg":{"expires":1716413561355},"_astro/IMG_8623.63506f99_Z8x2H5.jpg":{"expires":1716413561355},"_astro/poster.bd182647_Z1cXmpq.avif":{"expires":1716496940782},"_astro/hero.645ff1ab_w71y7.avif":{"expires":1716496940781},"_astro/default.b7995c3b_Z240eN3.png":{"expires":1716496940782},"_astro/IMG_4386_LR.d4c62a7f_e0CB5.avif":{"expires":1716496940781},"_astro/edf-map.a96e80cc_Z1e1nk2.avif":{"expires":1716496941021},"_astro/IMG_8623.1449ae7e_Z1j71Xu.avif":{"expires":1716496941022},"_astro/IMG_3983.e279c58d_eD8yM.avif":{"expires":1716496940779},"_astro/hero.645ff1ab_ZMedjq.avif":{"expires":1716496940781},"_astro/poster.bd182647_1rllRb.avif":{"expires":1716496940782},"_astro/IMG_4386_LR.d4c62a7f_Can3Y.avif":{"expires":1716496940781},"_astro/IMG_8623.1449ae7e_2rIQWT.avif":{"expires":1716496941022},"_astro/poster.bd182647_ZpR1nF.webp":{"expires":1716496940782},"_astro/IMG_4386_LR.d4c62a7f_116XCP.webp":{"expires":1716496940781},"_astro/edf-map.a96e80cc_1qikWz.avif":{"expires":1716496941021},"_astro/poster.bd182647_2erGSV.webp":{"expires":1716496940782},"_astro/IMG_4386_LR.d4c62a7f_1pgI5J.webp":{"expires":1716496940781},"_astro/edf-map.a96e80cc_ZqU2ih.webp":{"expires":1716496941021},"_astro/poster.bd182647_kYhJW.png":{"expires":1716496940782},"_astro/IMG_4386_LR.d4c62a7f_ZlzkhC.jpg":{"expires":1716496940781},"_astro/edf-map.a96e80cc_2doFYk.webp":{"expires":1716496941021},"_astro/poster.bd182647_Z1GQnR8.png":{"expires":1716496940782},"_astro/IMG_4386_LR.d4c62a7f_18fIJ0.jpg":{"expires":1716496940781},"_astro/edf-map.a96e80cc_Zt4IGB.png":{"expires":1716496941021},"_astro/edf-map.a96e80cc_Z2vUpjG.png":{"expires":1716496941021},"_astro/IMG_8623.1449ae7e_yDMDn.avif":{"expires":1716496941022},"_astro/IMG_3983.e279c58d_CMS1G.avif":{"expires":1716496940779},"_astro/IMG_3983.e279c58d_11JtAx.webp":{"expires":1716496940779},"_astro/hero.645ff1ab_1EB0cT.avif":{"expires":1716496940781},"_astro/IMG_3983.e279c58d_1pTe3r.webp":{"expires":1716496940779},"_astro/IMG_3983.e279c58d_1wSoFs.png":{"expires":1716496940779},"_astro/IMG_3983.e279c58d_Z23sF6Q.png":{"expires":1716496940779},"_astro/IMG_8623.1449ae7e_Z1Hm994.avif":{"expires":1716496941022},"_astro/IMG_8623.1449ae7e_Zw0FVJ.webp":{"expires":1716496941022},"_astro/IMG_8623.1449ae7e_Z1PlUOh.webp":{"expires":1716496941022},"_astro/IMG_8623.1449ae7e_1lK8F8.webp":{"expires":1716496941022},"_astro/IMG_8623.1449ae7e_ZUfN7j.webp":{"expires":1716496941022},"_astro/IMG_8623.1449ae7e_Z1xEhFQ.jpg":{"expires":1716496941022},"_astro/IMG_8623.1449ae7e_1PROLj.jpg":{"expires":1716496941022},"_astro/IMG_8623.1449ae7e_D7CNb.jpg":{"expires":1716496941022},"_astro/IMG_8623.1449ae7e_1nF2VD.jpg":{"expires":1716496941022},"_astro/hero.645ff1ab_1N1mtA.avif":{"expires":1716496940781},"_astro/hero.645ff1ab_1jdmzR.webp":{"expires":1716496940781},"_astro/hero.645ff1ab_Z7RhF.webp":{"expires":1716496940781},"_astro/hero.645ff1ab_2rHleE.webp":{"expires":1716496940781},"_astro/hero.645ff1ab_Z2u4qiA.webp":{"expires":1716496940781},"_astro/hero.645ff1ab_Z14DthM.png":{"expires":1716496940781},"_astro/hero.645ff1ab_2jSDan.png":{"expires":1716496940781},"_astro/hero.645ff1ab_ZnnatJ.png":{"expires":1716496940781},"_astro/hero.645ff1ab_Zn6Bjm.png":{"expires":1716496940781},"_astro/default.14199460_1Thjyb.png":{"expires":1716502370793}}