{"_astro/hero.5450c094_Z1ci1sO.avif":{"expires":1716413561116},"_astro/poster.00fbae21_25MFEA.avif":{"expires":1716413561116},"_astro/default.5cdc518a_2i6Dbc.png":{"expires":1716413561112},"_astro/IMG_4386_LR.586b6e95_1n2y4L.avif":{"expires":1716413561115},"_astro/IMG_3983.1debca0e_25Ef6d.avif":{"expires":1716413561173},"_astro/IMG_8623.63506f99_Zd4HrQ.avif":{"expires":1716413561355},"_astro/edf-map.53cb9ba7_Z298Nxx.avif":{"expires":1716413561356},"_astro/hero.5450c094_Z2vDglm.avif":{"expires":1716413561116},"_astro/IMG_8623.63506f99_Z1wpWko.avif":{"expires":1716413561355},"_astro/poster.00fbae21_Zk4IQJ.avif":{"expires":1716413561116},"_astro/IMG_4386_LR.586b6e95_1LciwF.avif":{"expires":1716413561115},"_astro/IMG_3983.1debca0e_2tNYy7.avif":{"expires":1716413561173},"_astro/poster.00fbae21_Z2ci77A.webp":{"expires":1716413561116},"_astro/IMG_4386_LR.586b6e95_2a8T6w.webp":{"expires":1716413561115},"_astro/IMG_3983.1debca0e_Z2cqxFX.webp":{"expires":1716413561173},"_astro/poster.00fbae21_s1Ba1.webp":{"expires":1716413561116},"_astro/IMG_4386_LR.586b6e95_Z2vSufv.webp":{"expires":1716413561115},"_astro/IMG_3983.1debca0e_Z1NgNe4.webp":{"expires":1716413561173},"_astro/poster.00fbae21_Z20AxD3.png":{"expires":1716413561116},"_astro/IMG_4386_LR.586b6e95_kH2le.jpg":{"expires":1716413561115},"_astro/IMG_3983.1debca0e_25xXbU.png":{"expires":1716413561173},"_astro/poster.00fbae21_11JTxN.png":{"expires":1716413561116},"_astro/IMG_4386_LR.586b6e95_1Ox6mQ.jpg":{"expires":1716413561115},"_astro/edf-map.53cb9ba7_vaTJ4.avif":{"expires":1716413561356},"_astro/IMG_3983.1debca0e_Z1uN6Ao.png":{"expires":1716413561173},"_astro/edf-map.53cb9ba7_Z1m2svM.webp":{"expires":1716413561356},"_astro/hero.5450c094_Z1385zI.avif":{"expires":1716413561116},"_astro/edf-map.53cb9ba7_1ihfKO.webp":{"expires":1716413561356},"_astro/IMG_8623.63506f99_ZWyi0l.avif":{"expires":1716413561355},"_astro/edf-map.53cb9ba7_ZuSa7C.png":{"expires":1716413561356},"_astro/edf-map.53cb9ba7_2wsi4e.png":{"expires":1716413561356},"_astro/hero.5450c094_Z13Hg7L.avif":{"expires":1716413561116},"_astro/hero.5450c094_ZpbFr4.webp":{"expires":1716413561116},"_astro/hero.5450c094_Z1IwUjB.webp":{"expires":1716413561116},"_astro/hero.5450c094_Zg1JxX.webp":{"expires":1716413561116},"_astro/IMG_8623.63506f99_1KXpPU.avif":{"expires":1716413561355},"_astro/hero.5450c094_ZgAU61.webp":{"expires":1716413561116},"_astro/IMG_8623.63506f99_z1CyT.webp":{"expires":1716413561355},"_astro/hero.5450c094_Z1M4sy8.png":{"expires":1716413561116},"_astro/hero.5450c094_1BsDT2.png":{"expires":1716413561116},"_astro/IMG_8623.63506f99_ZJjBiD.webp":{"expires":1716413561355},"_astro/hero.5450c094_Z26MdvF.png":{"expires":1716413561116},"_astro/IMG_8623.63506f99_ZarVXA.webp":{"expires":1716413561355},"_astro/hero.5450c094_1YlqGW.png":{"expires":1716413561116},"_astro/IMG_8623.63506f99_Z2w7mVg.webp":{"expires":1716413561355},"_astro/IMG_8623.63506f99_ZcreLC.jpg":{"expires":1716413561355},"_astro/IMG_8623.63506f99_Z1S6g8o.jpg":{"expires":1716413561355},"_astro/IMG_8623.63506f99_1J9WjO.jpg":{"expires":1716413561355},"_astro/IMG_8623.63506f99_Z8x2H5.jpg":{"expires":1716413561355}}